{
  "commodity": "Steel",
  "timestamp": "2026-01-20T10:57:41.833040",
  "gbm": {
    "mu": 0.021204593644182985,
    "sigma": 0.1965866959698032,
    "r_bar": 0.0018801413599662975,
    "var_r": 0.03861987706173361
  },
  "ou": {
    "kappa": 0.14173092352969072,
    "theta": 4.995636452552649,
    "sigma": 0.20383216351572928,
    "a": 0.6597290521550176,
    "b": 0.8679389386275472,
    "var_eps": 0.03615665742707682
  },
  "jd": {
    "lambda_jump": 0.021127704887860543,
    "sigma_jump": 0.049842019392718845,
    "n_jumps": 11,
    "n_steps": 521,
    "threshold_std": 2.5
  }
}