{
  "commodity": "Glass",
  "timestamp": "2026-01-20T10:57:41.808508",
  "gbm": {
    "mu": 0.02051202451584917,
    "sigma": 0.18844217547559614,
    "r_bar": 0.002754910841627493,
    "var_r": 0.03548614791721016
  },
  "ou": {
    "kappa": 0.19713134316707812,
    "theta": 5.003700061875553,
    "sigma": 0.19827067893642997,
    "a": 0.8946937047649364,
    "b": 0.8211935780120331,
    "var_eps": 0.03246912116449715
  },
  "jd": {
    "lambda_jump": 0.02851692809993612,
    "sigma_jump": 0.012694728647366435,
    "n_jumps": 11,
    "n_steps": 386,
    "threshold_std": 2.5
  }
}