{
  "commodity": "Copper",
  "timestamp": "2026-01-20T10:57:41.845878",
  "gbm": {
    "mu": 0.04022324242127517,
    "sigma": 0.2726897225387513,
    "r_bar": 0.003041316938351193,
    "var_r": 0.0743087883478859
  },
  "ou": {
    "kappa": 0.19332869409216397,
    "theta": 5.377705162309604,
    "sigma": 0.2862159572180178,
    "a": 0.9447547679974511,
    "b": 0.8243200883122235,
    "var_eps": 0.06790230513412385
  },
  "jd": {
    "lambda_jump": 0.030063495796343112,
    "sigma_jump": 0.927053545219035,
    "n_jumps": 14,
    "n_steps": 466,
    "threshold_std": 2.5
  }
}