{
  "commodity": "Carbon",
  "timestamp": "2026-01-20T10:57:41.819858",
  "gbm": {
    "mu": 0.04634038979806609,
    "sigma": 0.2945866694825248,
    "r_bar": 0.0029477178948034755,
    "var_r": 0.0867219072701829
  },
  "ou": {
    "kappa": 0.09032952206394697,
    "theta": 4.561754994158526,
    "sigma": 0.30138879301300875,
    "a": 0.39374075083937665,
    "b": 0.9136865633196929,
    "var_eps": 0.0830507783446578
  },
  "jd": {
    "lambda_jump": 0.014130339212548578,
    "sigma_jump": 0.03182907599512177,
    "n_jumps": 11,
    "n_steps": 779,
    "threshold_std": 2.5
  }
}