{
  "RA_tbfa": 2672040218000890.5,
  "RA_tbss": 1818638501508707.8,
  "RA_TBM": 2279400659590830.5,
  "RA_TB_torsion": 47768968564587.875,
  "RA_TTM": 43633900965718.16,
  "RA_ttfa": 62159894585273.37,
  "RA_BRM": 3.3344198181384077e+24,
  "RA_ebrm": 7.91860629589547e+25,
  "RA_fbrm": 9.094833274267339e+24,
  "RA_blade_torsion": 1138379.6718930015,
  "RA_shaft_mx_mb_fixed": 49803084983391.17,
  "RA_shaft_mz_mb_fixed": 1549445972.189395,
  "RA_gsb_l10": 0.00019029274242783153,
  "RA_rsb_l10": 0.0001340398035662288,
  "RA_ADC": 25643.139579213428,
  "Energy": 3052820.61518333,
  "id": 0
}