{
  "id": 33,
  "RA_tbfa": 198688154019571.44,
  "RA_tbss": 104562230351020.94,
  "RA_TBM": 171868631785495.22,
  "RA_TTM": 3192953974735.054,
  "RA_ttfa": 4531167668056.46,
  "RA_BRM": 2.8115031286240262e+23,
  "RA_ebrm": 5.183849303694567e+24,
  "RA_fbrm": 8.008889885111425e+23,
  "RA_blade_torsion": 120635.22194830331,
  "RA_shaft_mx_mb_fixed": 3662564051877.5767,
  "RA_shaft_mz_mb_fixed": 170470925.8199341,
  "RA_gsb_l10": 0.00019957212034470365,
  "RA_rsb_l10": 0.00013563326821695648,
  "RA_ADC": 1622.366491831548,
  "Energy": 6891923.052437942,
  "Revenue": 317077377.8246957,
  "YawTravel": 419866.36999999994
}