{
  "RA_tbfa": 5164040048728911.0,
  "RA_tbss": 3191105536291249.0,
  "RA_TBM": 4294200795283180.0,
  "RA_TB_torsion": 86945891524890.62,
  "RA_TTM": 80923809796063.89,
  "RA_ttfa": 115113645183328.2,
  "RA_BRM": 7.367618175724725e+24,
  "RA_ebrm": 9.018531624653149e+25,
  "RA_fbrm": 2.2550614295530315e+25,
  "RA_blade_torsion": 3019705.7998939934,
  "RA_shaft_mx_mb_fixed": 92980927793524.92,
  "RA_shaft_mz_mb_fixed": 3470524774.1303844,
  "RA_gsb_l10": 0.00015097724147510895,
  "RA_rsb_l10": 0.00011540675998991654,
  "RA_ADC": 29979.40964050181,
  "Energy": 3052820.61518333,
  "id": 0
}